hyperparamter,accuracy,precision,recall,f1,MCC
"layer_size = (16,); activation=logistic; solver=adam;learn_rate_int=0.05255545233279812;max_iter=400",0.9762308998302207,0.9775280898876404,0.9456521739130435,0.9613259668508287,0.9444462405684668
