hyperparamter,accuracy,precision,recall,f1,MCC
smoothing=0.0001,0.9502637528259231,0.9314285714285714,0.8858695652173914,0.9080779944289694,0.874532818095152
