hyperparamter,accuracy,precision,recall,f1,MCC
smoothing=1e-09,0.9624197983501375,0.6893939393939394,1.0,0.8161434977578476,0.8130982645897037
