hyperparamter,accuracy,precision,recall,f1,MCC
smoothing=0.0001,0.9541595925297114,0.9644970414201184,0.8858695652173914,0.9235127478753541,0.8925116201809901
