hyperparamter,accuracy,precision,recall,f1,MCC
smoothing=1e-09,0.9528757899352761,0.9692442724864103,0.8768844035066936,0.9205601254621448,0.8896165441017541
smoothing=1e-08,0.9524509810992523,0.9670900096326804,0.8775656024167753,0.9199461567702457,0.8885590569084103
smoothing=1e-07,0.9522387569905936,0.9663807436253926,0.8775656024167753,0.919619519990345,0.888047455260065
smoothing=1e-06,0.953300779080653,0.962442939034074,0.8850587904276744,0.921876420303653,0.890487942475221
smoothing=1e-05,0.9528761505539824,0.960387337996506,0.8857381382537614,0.9212789834911417,0.8894737907646911
smoothing=0.0001,0.9528763308633356,0.9597239151042374,0.8864193371638431,0.9213323176516532,0.8894717280584795
