hyperparamter,accuracy,precision,recall,f1,MCC
smoothing=1e-09,0.9533004184619469,0.9707034999537788,0.8768844035066936,0.9212182887538569,0.890658250811945
smoothing=1e-08,0.9528757899352761,0.9692442724864103,0.8768844035066936,0.9205601254621448,0.8896165441017541
smoothing=1e-07,0.9522387569905936,0.9670648776899813,0.8768844035066936,0.9195728724990069,0.8880585649136505
smoothing=1e-06,0.9522387569905936,0.9663807436253926,0.8775656024167753,0.919619519990345,0.888047455260065
smoothing=1e-05,0.953300779080653,0.962442939034074,0.8850587904276744,0.921876420303653,0.890487942475221
smoothing=0.0001,0.9526639264453237,0.9603573265063926,0.8850587904276744,0.9208995560094675,0.8889729195971017
