hyperparamter,accuracy,precision,recall,f1,MCC
smoothing=1e-09,0.9700829570513494,0.6996205051636182,0.9859126984126985,0.8168917605907501,0.8160953096794816
smoothing=1e-08,0.9696156673317232,0.6965902021333152,0.9859126984126985,0.8146939583929479,0.8140585246585235
smoothing=1e-07,0.9682129230984634,0.6856832979187097,0.9859126984126985,0.8074104375530275,0.8071128305316834
smoothing=1e-06,0.9677447583044559,0.6817517530528449,0.9859126984126985,0.8048509675138826,0.8046528820905091
smoothing=1e-05,0.9654083097063251,0.666565349544073,0.9859126984126985,0.7939576191767985,0.7945000282919827
smoothing=0.0001,0.9616691168749343,0.6449404761904761,0.9859126984126985,0.7776258310196388,0.7795252460559356
