hyperparamter,accuracy,precision,recall,f1,MCC
estimators = 64; max_depth=15,0.9753820033955858,0.9774647887323944,0.9429347826086957,0.9598893499308437,0.9424559853991866
