hyperparamter,accuracy,precision,recall,f1,MCC
estimators = 64; max_depth=15,0.93293142426526,0.8361445783132531,0.9429347826086957,0.8863346104725416,0.8420579296660204
