hyperparamter,accuracy,precision,recall,f1,MCC
estimators = 64; max_depth=15,0.9986251145737856,0.994475138121547,0.989010989010989,0.9917355371900827,0.9909902044676575
