hyperparamter,accuracy,precision,recall,f1,MCC
estimators = 16; max_depth=7,0.9702886247877759,0.9854227405247813,0.9184782608695652,0.950773558368495,0.9307142785124899
