hyperparamter,accuracy,precision,recall,f1,MCC
estimators = 64; max_depth=15,0.9762308998302207,0.980225988700565,0.9429347826086957,0.961218836565097,0.9444613440428897
