hyperparamter,accuracy,precision,recall,f1,MCC
estimators = 64; max_depth=15,0.9986595174262735,0.9945054945054945,0.9890710382513661,0.9917808219178081,0.9910554877106146
