hyperparamter,accuracy,precision,recall,f1,MCC
estimators = 64; max_depth=15,0.9967919340054996,0.9888268156424581,0.9725274725274725,0.9806094182825486,0.9789010348643792
