hyperparamter,accuracy,precision,recall,f1,MCC
C=1.611045328589775; gamma=scale,0.9853345554537122,0.993421052631579,0.8296703296703297,0.9041916167664672,0.9005848403716079
