hyperparamter,accuracy,precision,recall,f1,MCC
C=1.611045328589775; gamma=scale,0.9517709118311982,0.8958333333333334,0.9347826086956522,0.9148936170212766,0.881654580118713
