hyperparamter,accuracy,precision,recall,f1,MCC
C=1.611045328589775; gamma=scale,0.9728353140916808,0.9772727272727273,0.9347826086956522,0.9555555555555557,0.9364890224147385
